                  epoch,         train/box_loss,         train/cls_loss,         train/dfl_loss,   metrics/precision(B),      metrics/recall(B),       metrics/mAP50(B),    metrics/mAP50-95(B),           val/box_loss,           val/cls_loss,           val/dfl_loss,                 lr/pg0,                 lr/pg1,                 lr/pg2
                      1,                 1.1051,                  1.685,                 1.2055,                0.61671,                  0.825,                0.80718,                0.60716,                0.84046,                 2.5561,                 1.0836,                0.00042,                0.00042,                0.00042
                      2,                0.95514,                0.91614,                 1.1046,                0.69818,                0.90833,                0.83007,                0.62616,                0.82491,                 2.2394,                 1.1462,             0.00085574,             0.00085574,             0.00085574
                      3,                 1.0404,                0.96171,                 1.1545,                0.63994,                0.64167,                0.62325,                0.42951,                 1.1594,                 1.7308,                 1.3147,              0.0012871,              0.0012871,              0.0012871
                      4,                 1.0011,                0.99785,                 1.1419,                 0.2448,                    0.4,                0.20718,                0.13049,                 1.9306,                 6.3649,                 2.4074,              0.0017142,              0.0017142,              0.0017142
                      5,                0.98486,                0.88571,                 1.1117,                0.27348,                  0.225,                0.15194,                0.07496,                 3.0334,                 5.0638,                 3.4341,              0.0019604,              0.0019604,              0.0019604
                      6,                 1.0309,                0.85473,                 1.1372,                 0.7983,                0.80833,                0.86974,                 0.6292,                 1.0126,                 1.2235,                 1.2022,              0.0019604,              0.0019604,              0.0019604
                      7,                 1.0165,                0.87914,                 1.1503,                0.60918,                  0.675,                0.66051,                0.42951,                 1.1378,                 1.7156,                 1.2861,              0.0019505,              0.0019505,              0.0019505
                      8,                0.97911,                0.83888,                 1.1326,                0.78018,                0.86667,                0.87439,                0.65374,                0.89611,                0.95308,                 1.1839,              0.0019406,              0.0019406,              0.0019406
                      9,                0.98731,                0.88577,                 1.1491,                0.78394,                0.84663,                0.81233,                0.55869,                 1.0272,                0.96352,                 1.2493,              0.0019307,              0.0019307,              0.0019307
                     10,                 0.9843,                 0.8235,                 1.1275,                0.68104,                0.87188,                0.76869,                0.56308,                0.94805,                 1.1736,                 1.1927,              0.0019208,              0.0019208,              0.0019208
                     11,                0.95609,                0.85142,                 1.1097,                0.80096,                0.86667,                0.87945,                0.65152,                0.92195,                 1.0193,                 1.1761,              0.0019109,              0.0019109,              0.0019109
                     12,                 0.9441,                0.82821,                 1.1027,                0.72324,                  0.775,                 0.8278,                0.59855,                0.96207,                0.94974,                 1.1676,               0.001901,               0.001901,               0.001901
                     13,                0.92212,                0.82611,                  1.107,                 0.8007,                0.90396,                0.88283,                0.65899,                0.87426,                0.89106,                 1.1085,              0.0018911,              0.0018911,              0.0018911
                     14,                0.93476,                0.78131,                  1.101,                0.72958,                  0.875,                0.86845,                0.65687,                0.87152,                0.74066,                 1.1242,              0.0018812,              0.0018812,              0.0018812
                     15,                0.92694,                0.78487,                 1.0941,                0.73877,                0.85833,                0.83722,                0.62281,                0.87503,                0.80948,                 1.1165,              0.0018713,              0.0018713,              0.0018713
                     16,                0.94059,                0.78014,                 1.1032,                0.80966,                0.88623,                0.84152,                0.62443,                 0.9133,                0.89342,                 1.1277,              0.0018614,              0.0018614,              0.0018614
                     17,                0.91397,                0.77051,                 1.0927,                0.77767,                0.96667,                0.90057,                0.68007,                0.85441,                0.73654,                 1.1268,              0.0018515,              0.0018515,              0.0018515
                     18,                0.84747,                0.71769,                 1.0759,                0.75257,                    0.9,                0.84955,                0.64669,                0.86047,                 1.1231,                 1.1151,              0.0018416,              0.0018416,              0.0018416
                     19,                0.92477,                0.76283,                 1.0772,                0.75653,                    0.9,                0.87039,                0.64983,                0.88062,                0.79999,                 1.1407,              0.0018317,              0.0018317,              0.0018317
                     20,                0.91073,                0.79736,                 1.0943,                0.81387,                0.96667,                0.89295,                0.67635,                0.88431,                0.71596,                 1.1144,              0.0018218,              0.0018218,              0.0018218
                     21,                0.90612,                0.73787,                 1.0765,                0.80134,                0.97485,                0.88925,                0.68232,                0.81665,                0.70155,                 1.0933,              0.0018119,              0.0018119,              0.0018119
                     22,                0.92419,                0.76456,                 1.0877,                0.85327,                  0.925,                0.88582,                0.68642,                 0.8331,                0.68525,                 1.1053,               0.001802,               0.001802,               0.001802
                     23,                0.88702,                0.72391,                 1.0745,                0.81164,                0.94167,                0.89101,                0.68825,                0.81115,                0.69297,                 1.0935,              0.0017921,              0.0017921,              0.0017921
                     24,                0.88597,                0.71525,                 1.0763,                0.84654,                0.91942,                0.90521,                0.64952,                0.90917,                0.68601,                 1.1893,              0.0017822,              0.0017822,              0.0017822
                     25,                 0.8934,                0.73285,                  1.083,                0.76787,                0.93333,                0.90646,                0.72183,                0.79923,                0.78082,                 1.0785,              0.0017723,              0.0017723,              0.0017723
                     26,                0.89501,                0.73484,                 1.0818,                0.82958,                 0.9736,                0.90658,                0.71058,                0.79695,                0.66974,                 1.0797,              0.0017624,              0.0017624,              0.0017624
                     27,                0.82478,                0.71059,                 1.0723,                0.83056,                0.93955,                0.89626,                0.71357,                0.78706,                0.60066,                 1.0663,              0.0017525,              0.0017525,              0.0017525
                     28,                0.86998,                0.72997,                 1.0772,                0.81345,                0.90833,                0.86622,                0.66603,                0.81001,                0.71905,                 1.0991,              0.0017426,              0.0017426,              0.0017426
                     29,                0.86614,                0.70124,                 1.0745,                0.79399,                0.89931,                0.86915,                0.67177,                0.84644,                0.73184,                 1.1023,              0.0017327,              0.0017327,              0.0017327
                     30,                0.86393,                0.71791,                 1.0652,                0.82082,                0.95437,                0.89658,                0.70597,                0.80847,                0.68689,                 1.0927,              0.0017228,              0.0017228,              0.0017228
                     31,                0.82791,                0.68433,                 1.0582,                0.81872,                 0.9409,                 0.8752,                0.68208,                0.80571,                0.73303,                 1.0967,              0.0017129,              0.0017129,              0.0017129
                     32,                0.88757,                0.72952,                 1.0831,                0.82397,                0.93616,                0.90589,                0.69641,                0.81927,                0.65515,                 1.0897,               0.001703,               0.001703,               0.001703
                     33,                0.85768,                0.68051,                 1.0655,                0.83047,                0.94167,                0.90749,                0.71124,                0.78692,                0.68327,                 1.0727,              0.0016931,              0.0016931,              0.0016931
                     34,                0.83054,                0.69283,                 1.0594,                0.79387,                0.96283,                 0.8976,                0.69923,                0.81018,                0.65381,                 1.0856,              0.0016832,              0.0016832,              0.0016832
                     35,                0.86413,                0.71222,                 1.0643,                0.79821,                0.95833,                0.90592,                0.70367,                0.81848,                0.65741,                 1.0858,              0.0016733,              0.0016733,              0.0016733
                     36,                0.84809,                0.70028,                 1.0635,                0.81598,                   0.95,                0.90835,                0.70841,                0.81748,                0.63038,                  1.098,              0.0016634,              0.0016634,              0.0016634
                     37,                  0.809,                0.66943,                 1.0406,                0.82327,                0.93333,                 0.9081,                0.71489,                0.79024,                0.65702,                 1.0869,              0.0016535,              0.0016535,              0.0016535
                     38,                0.83453,                0.68114,                 1.0576,                0.84754,                 0.8802,                0.90891,                0.71073,                0.80352,                0.62236,                 1.0919,              0.0016436,              0.0016436,              0.0016436
                     39,                 0.8431,                0.68284,                 1.0613,                0.81397,                  0.925,                0.91713,                0.71964,                0.80961,                0.65479,                 1.0812,              0.0016337,              0.0016337,              0.0016337
                     40,                0.82831,                0.65758,                 1.0419,                 0.8288,                0.92791,                0.91599,                0.72747,                  0.777,                0.61844,                 1.0771,              0.0016238,              0.0016238,              0.0016238
                     41,                0.83608,                0.68689,                 1.0607,                0.81822,                0.93775,                 0.9177,                0.72294,                0.76688,                0.60171,                 1.0655,              0.0016139,              0.0016139,              0.0016139
                     42,                0.83037,                0.67765,                 1.0528,                0.83782,                0.88333,                0.90131,                0.68807,                0.84188,                 0.6254,                  1.101,               0.001604,               0.001604,               0.001604
                     43,                0.81295,                0.64474,                 1.0391,                0.79752,                0.93333,                0.88068,                0.69122,                0.79608,                 0.6618,                  1.074,              0.0015941,              0.0015941,              0.0015941
                     44,                0.84532,                0.68654,                 1.0483,                0.85277,                0.86885,                0.91678,                0.71165,                 0.7928,                0.63404,                  1.093,              0.0015842,              0.0015842,              0.0015842
                     45,                0.82533,                0.66642,                 1.0451,                0.85126,                0.90833,                0.89831,                 0.7122,                0.77575,                 0.7432,                 1.0792,              0.0015743,              0.0015743,              0.0015743
                     46,                0.79099,                 0.6403,                 1.0366,                0.83019,                0.91667,                0.88746,                0.69621,                0.78143,                0.61183,                 1.0579,              0.0015644,              0.0015644,              0.0015644
                     47,                0.80001,                0.64991,                 1.0477,                0.80531,                0.96516,                0.91097,                0.70963,                0.75466,                 0.7372,                 1.0594,              0.0015545,              0.0015545,              0.0015545
                     48,                0.79667,                0.65785,                 1.0455,                0.84597,                0.91537,                 0.8833,                0.69205,                0.78313,                0.63692,                 1.0712,              0.0015446,              0.0015446,              0.0015446
                     49,                0.80051,                0.63278,                 1.0494,                0.83499,                0.93333,                0.88775,                0.68221,                0.80393,                0.63045,                 1.0956,              0.0015347,              0.0015347,              0.0015347
                     50,                0.79795,                 0.6564,                 1.0378,                0.84267,                0.93333,                0.90098,                0.71899,                0.77084,                0.62477,                 1.0675,              0.0015248,              0.0015248,              0.0015248
                     51,                0.79759,                0.64232,                 1.0343,                0.83563,                0.93207,                0.88636,                0.69811,                0.77594,                0.60517,                 1.0667,              0.0015149,              0.0015149,              0.0015149
                     52,                0.81039,                0.63986,                 1.0384,                0.84172,                0.93066,                0.90069,                0.70984,                0.79645,                 0.6241,                 1.0842,               0.001505,               0.001505,               0.001505
                     53,                0.82086,                0.63394,                 1.0499,                0.85144,                0.95523,                0.89769,                0.71323,                0.75061,                0.61979,                 1.0417,              0.0014951,              0.0014951,              0.0014951
                     54,                 0.8073,                0.66003,                 1.0504,                0.82561,                  0.925,                0.89867,                0.70439,                0.82367,                0.60113,                 1.1002,              0.0014852,              0.0014852,              0.0014852
                     55,                0.83268,                0.63315,                 1.0636,                0.82853,                  0.925,                0.92303,                0.73103,                0.78869,                0.60801,                 1.0939,              0.0014753,              0.0014753,              0.0014753
                     56,                0.78867,                0.60523,                 1.0353,                 0.8408,                0.88023,                0.91199,                0.70691,                0.81332,                0.64381,                 1.0865,              0.0014654,              0.0014654,              0.0014654
                     57,                0.80492,                0.63627,                   1.04,                0.84801,                0.88337,                0.91356,                0.71606,                0.82269,                0.59322,                 1.1007,              0.0014555,              0.0014555,              0.0014555
                     58,                0.77736,                0.61627,                 1.0194,                0.82811,                  0.925,                0.92199,                0.72491,                0.79101,                0.63567,                 1.0865,              0.0014456,              0.0014456,              0.0014456
                     59,                0.79577,                0.62525,                 1.0349,                0.84705,                  0.925,                0.92294,                0.74259,                0.76077,                0.58142,                 1.0542,              0.0014357,              0.0014357,              0.0014357
                     60,                 0.7917,                0.63481,                 1.0427,                 0.8441,                 0.9475,                0.91774,                0.72525,                0.78547,                0.61888,                 1.0744,              0.0014258,              0.0014258,              0.0014258
                     61,                0.74708,                0.60108,                 1.0182,                0.84077,                   0.95,                0.91558,                0.73495,                0.77739,                0.59192,                 1.0672,              0.0014159,              0.0014159,              0.0014159
                     62,                 0.7842,                0.61569,                  1.027,                0.84189,                0.93183,                0.89833,                0.69991,                0.79966,                0.62694,                 1.0888,               0.001406,               0.001406,               0.001406
                     63,                0.77018,                0.61581,                  1.028,                0.83382,                0.91667,                0.87996,                 0.6942,                0.78092,                0.64408,                 1.0759,              0.0013961,              0.0013961,              0.0013961
                     64,                0.79378,                0.63186,                 1.0416,                0.80668,                 0.9041,                0.89271,                0.69775,                0.81839,                0.61922,                 1.1005,              0.0013862,              0.0013862,              0.0013862
                     65,                0.77003,                0.61402,                 1.0215,                0.82003,                0.93333,                0.92605,                0.74275,                0.79416,                0.58678,                 1.0781,              0.0013763,              0.0013763,              0.0013763
                     66,                0.78168,                  0.621,                 1.0116,                0.84816,                0.88442,                0.92153,                0.73516,                0.75195,                 0.6337,                 1.0562,              0.0013664,              0.0013664,              0.0013664
                     67,                0.76147,                0.61701,                 1.0343,                0.82177,                0.92214,                0.90921,                 0.7276,                0.75734,                0.58483,                  1.053,              0.0013565,              0.0013565,              0.0013565
                     68,                0.77452,                0.60047,                 1.0302,                0.81394,                0.94167,                0.92398,                0.74115,                0.77091,                0.60184,                 1.0723,              0.0013466,              0.0013466,              0.0013466
                     69,                0.73904,                0.60749,                0.99869,                0.83232,                0.90833,                0.91333,                0.72906,                0.76336,                0.61639,                 1.0841,              0.0013367,              0.0013367,              0.0013367
                     70,                0.75591,                0.60539,                 1.0151,                 0.8221,                  0.925,                 0.9063,                0.71531,                0.76536,                0.59065,                 1.0721,              0.0013268,              0.0013268,              0.0013268
                     71,                0.74656,                0.61692,                 1.0205,                 0.8071,                0.95833,                0.90231,                0.71639,                0.73843,                0.59917,                 1.0507,              0.0013169,              0.0013169,              0.0013169
                     72,                0.74491,                0.60522,                 1.0121,                0.83574,                0.93333,                0.88964,                 0.7028,                0.76909,                0.58101,                 1.0861,               0.001307,               0.001307,               0.001307
                     73,                0.76388,                0.59887,                 1.0273,                0.81432,                0.91369,                0.88868,                0.71211,                0.78029,                0.60923,                 1.0801,              0.0012971,              0.0012971,              0.0012971
                     74,                0.76986,                0.59705,                 1.0258,                0.81893,                0.90454,                0.91294,                 0.7339,                0.77948,                0.58338,                 1.0899,              0.0012872,              0.0012872,              0.0012872
                     75,                 0.7548,                0.60192,                 1.0193,                0.84067,                0.91667,                0.91092,                0.72373,                0.78272,                0.58871,                 1.0863,              0.0012773,              0.0012773,              0.0012773
                     76,                0.74047,                0.58359,                 1.0116,                 0.8277,                0.92076,                0.90941,                0.72021,                0.79556,                0.57986,                 1.0845,              0.0012674,              0.0012674,              0.0012674
                     77,                0.73958,                0.57311,                0.99496,                0.82639,                0.91667,                0.91659,                0.73576,                0.77221,                0.57808,                 1.0799,              0.0012575,              0.0012575,              0.0012575
                     78,                0.73677,                0.56646,                 1.0068,                0.83772,                0.90342,                0.91545,                0.73458,                0.77592,                0.61282,                 1.0773,              0.0012476,              0.0012476,              0.0012476
                     79,                0.74027,                0.57805,                 1.0062,                0.84139,                    0.9,                0.91852,                0.72787,                0.76531,                0.57206,                 1.0641,              0.0012377,              0.0012377,              0.0012377
                     80,                0.73848,                0.58941,                   1.01,                0.82427,                  0.925,                0.91477,                0.72896,                 0.7752,                0.63808,                 1.0666,              0.0012278,              0.0012278,              0.0012278
                     81,                0.73106,                0.58043,                 1.0071,                0.82058,                0.91474,                 0.9089,                0.71382,                 0.7914,                0.61476,                 1.0803,              0.0012179,              0.0012179,              0.0012179
                     82,                0.74227,                0.57174,                   1.02,                0.83341,                0.90833,                0.90781,                0.72567,                0.78732,                0.64517,                 1.0803,               0.001208,               0.001208,               0.001208
                     83,                0.75768,                0.56818,                 1.0058,                0.82585,                0.94845,                0.90991,                0.72022,                0.77876,                 0.5787,                   1.07,              0.0011981,              0.0011981,              0.0011981
                     84,                0.73513,                 0.5763,                 1.0032,                0.83843,                0.90833,                0.90519,                 0.7197,                0.78315,                0.57157,                 1.0782,              0.0011882,              0.0011882,              0.0011882
                     85,                0.75625,                0.57972,                 1.0021,                0.82584,                0.90833,                 0.9066,                0.72338,                0.77979,                0.65473,                 1.0594,              0.0011783,              0.0011783,              0.0011783
                     86,                0.75184,                0.57789,                 1.0283,                 0.8301,                0.93647,                0.89865,                0.70969,                 0.8057,                0.66477,                 1.0806,              0.0011684,              0.0011684,              0.0011684
                     87,                0.74626,                 0.5779,                 1.0102,                0.82593,                0.94898,                0.90141,                0.71637,                0.81714,                0.62027,                 1.1033,              0.0011585,              0.0011585,              0.0011585
                     88,                0.76105,                0.58658,                 1.0223,                0.82085,                0.93333,                0.90424,                0.72457,                 0.7841,                0.58891,                 1.0746,              0.0011486,              0.0011486,              0.0011486
                     89,                0.74281,                0.58873,                 1.0107,                 0.8487,                0.93494,                0.91444,                0.73335,                0.77525,                0.57001,                 1.0745,              0.0011387,              0.0011387,              0.0011387
                     90,                0.74359,                0.56553,                 1.0033,                0.84799,                0.92974,                0.91654,                0.72801,                  0.807,                 0.5465,                 1.0927,              0.0011288,              0.0011288,              0.0011288
                     91,                0.72155,                0.55273,                   1.02,                0.84854,                0.90833,                 0.9263,                0.73273,                0.78384,                0.55618,                 1.0841,              0.0011189,              0.0011189,              0.0011189
                     92,                0.72858,                0.56721,                 1.0005,                0.84547,                0.94167,                0.92447,                0.75629,                0.77506,                0.55389,                 1.0866,               0.001109,               0.001109,               0.001109
                     93,                 0.6773,                0.54791,                0.99583,                0.84295,                0.93932,                0.91612,                0.73051,                0.79028,                0.60024,                 1.0957,              0.0010991,              0.0010991,              0.0010991
                     94,                0.72744,                0.55283,                 0.9922,                0.84444,                0.91667,                 0.9155,                0.71777,                0.81951,                0.59248,                 1.1013,              0.0010892,              0.0010892,              0.0010892
                     95,                0.72975,                0.55449,                  1.001,                0.82797,                    0.9,                0.89267,                0.71361,                0.78787,                0.62339,                  1.084,              0.0010793,              0.0010793,              0.0010793
                     96,                0.71579,                0.56507,                 0.9939,                0.82741,                  0.875,                0.88249,                0.69061,                0.77278,                 0.6201,                 1.0816,              0.0010694,              0.0010694,              0.0010694
                     97,                0.73149,                0.55924,                  1.004,                0.81542,                0.92038,                0.89947,                0.71137,                0.78064,                0.58532,                 1.0845,              0.0010595,              0.0010595,              0.0010595
                     98,                0.70195,                0.54796,                 1.0028,                0.84063,                0.94167,                 0.9141,                0.72268,                0.79168,                0.57788,                 1.0957,              0.0010496,              0.0010496,              0.0010496
                     99,                0.70886,                0.53688,                 0.9961,                0.84572,                0.90833,                0.91311,                0.71819,                0.79132,                0.59388,                 1.0902,              0.0010397,              0.0010397,              0.0010397
                    100,                0.71949,                0.56434,                 1.0046,                0.83973,                0.96055,                0.88247,                0.69691,                0.77811,                0.55383,                 1.0837,              0.0010298,              0.0010298,              0.0010298
                    101,                0.68528,                0.53828,                0.99553,                0.84582,                0.91435,                0.88589,                0.69534,                0.78614,                0.54976,                 1.0875,              0.0010199,              0.0010199,              0.0010199
                    102,                0.71745,                0.56998,                 1.0076,                0.82793,                0.92221,                0.90379,                0.71645,                0.81056,                0.58354,                 1.0979,                0.00101,                0.00101,                0.00101
                    103,                0.69443,                 0.5325,                0.98698,                0.83026,                0.93755,                0.90283,                 0.7216,                0.78043,                0.59308,                 1.0843,              0.0010001,              0.0010001,              0.0010001
                    104,                0.68742,                0.51638,                0.98942,                0.84142,                0.94167,                0.90339,                0.72221,                0.77278,                0.61187,                 1.0829,              0.0009902,              0.0009902,              0.0009902
                    105,                0.71493,                0.52932,                 1.0012,                0.83788,                0.93333,                0.89156,                 0.7004,                0.77735,                0.57824,                 1.0858,              0.0009803,              0.0009803,              0.0009803
                    106,                0.69774,                0.53529,                0.98612,                0.82975,                  0.925,                0.88363,                0.70883,                0.77498,                0.59188,                 1.0997,              0.0009704,              0.0009704,              0.0009704
                    107,                 0.7037,                0.52315,                 1.0025,                0.82087,                0.91667,                0.89736,                0.73111,                 0.7489,                0.59474,                  1.073,              0.0009605,              0.0009605,              0.0009605
                    108,                0.71883,                0.53563,                0.99225,                0.80151,                0.94221,                0.90077,                0.72175,                 0.7865,                 0.6154,                 1.0852,              0.0009506,              0.0009506,              0.0009506
                    109,                0.68541,                0.52764,                0.99149,                0.83946,                0.91667,                0.89597,                0.71461,                0.79545,                0.62388,                 1.0951,              0.0009407,              0.0009407,              0.0009407
                    110,                0.70708,                0.52032,                0.99779,                0.84159,                0.92971,                0.87608,                 0.6969,                0.79638,                0.62552,                 1.0959,              0.0009308,              0.0009308,              0.0009308
                    111,                0.67562,                0.52085,                0.98234,                0.81742,                0.93272,                0.88918,                0.71361,                0.78931,                0.60274,                 1.1007,              0.0009209,              0.0009209,              0.0009209
                    112,                0.70246,                0.55268,                0.99814,                0.83267,                0.87084,                0.90823,                0.72427,                0.75922,                0.59885,                 1.0832,               0.000911,               0.000911,               0.000911
                    113,                0.69772,                0.52414,                 0.9964,                0.79397,                0.93333,                0.90256,                0.70545,                0.78011,                0.58473,                 1.0899,              0.0009011,              0.0009011,              0.0009011
                    114,                0.68406,                 0.5179,                0.98133,                0.84087,                0.89167,                0.89786,                0.71524,                0.77181,                0.60634,                 1.0881,              0.0008912,              0.0008912,              0.0008912
                    115,                0.67224,                0.52158,                 0.9922,                0.82972,                    0.9,                0.89626,                0.72603,                0.75978,                0.61003,                 1.0792,              0.0008813,              0.0008813,              0.0008813
                    116,                0.69926,                0.52295,                0.98786,                0.81279,                0.94066,                0.89086,                0.70724,                0.78292,                0.60961,                 1.1064,              0.0008714,              0.0008714,              0.0008714
                    117,                0.68176,                0.53675,                0.98974,                0.83533,                0.94167,                0.89625,                 0.7165,                 0.7847,                0.59358,                  1.105,              0.0008615,              0.0008615,              0.0008615
                    118,                0.67667,                0.50713,                0.99899,                0.80877,                0.96667,                 0.8838,                0.69794,                0.79451,                0.61182,                 1.0965,              0.0008516,              0.0008516,              0.0008516
                    119,                0.69351,                0.50084,                0.98394,                0.80197,                0.94498,                0.88457,                0.70109,                0.78814,                0.63572,                 1.0906,              0.0008417,              0.0008417,              0.0008417
                    120,                0.66056,                0.53008,                0.98297,                0.82409,                0.93699,                0.88677,                0.70502,                 0.7938,                0.57016,                 1.1027,              0.0008318,              0.0008318,              0.0008318
                    121,                0.70831,                0.53895,                 1.0028,                0.80361,                0.93333,                0.88429,                0.69746,                0.79381,                0.58191,                  1.109,              0.0008219,              0.0008219,              0.0008219
                    122,                0.68742,                0.51875,                 1.0005,                0.83809,                0.90584,                 0.8894,                 0.7086,                 0.7683,                0.59917,                 1.0884,               0.000812,               0.000812,               0.000812
                    123,                0.70321,                0.49952,                0.98018,                0.84466,                0.90623,                0.89523,                0.72703,                0.77443,                0.61629,                 1.0959,              0.0008021,              0.0008021,              0.0008021
                    124,                0.68426,                0.50649,                0.98644,                0.83102,                0.90833,                0.88269,                0.70611,                0.76021,                0.60617,                 1.0892,              0.0007922,              0.0007922,              0.0007922
                    125,                0.64949,                0.50415,                0.97568,                0.83221,                0.90934,                0.87625,                0.69632,                0.75957,                0.60089,                 1.0829,              0.0007823,              0.0007823,              0.0007823
                    126,                0.70052,                0.49227,                0.98551,                0.82197,                0.92342,                0.87179,                0.70652,                0.78506,                0.56911,                 1.1014,              0.0007724,              0.0007724,              0.0007724
                    127,                0.66405,                0.49654,                0.98397,                0.85125,                0.90613,                 0.8797,                0.70672,                0.75709,                0.60632,                 1.0801,              0.0007625,              0.0007625,              0.0007625
                    128,                0.67742,                0.50468,                0.97848,                0.84121,                0.89167,                0.88366,                0.70528,                0.75108,                0.61276,                 1.0762,              0.0007526,              0.0007526,              0.0007526
                    129,                0.68235,                0.50355,                0.98387,                0.85863,                    0.9,                0.88895,                0.71812,                0.76255,                0.57052,                 1.0817,              0.0007427,              0.0007427,              0.0007427
                    130,                0.70507,                0.56933,                 1.0261,                0.81793,                0.94167,                0.89181,                 0.7168,                0.77184,                0.55951,                 1.0909,              0.0007328,              0.0007328,              0.0007328
                    131,                0.65466,                0.49168,                0.97593,                0.81907,                   0.95,                0.88961,                0.72324,                0.75032,                0.56898,                 1.0787,              0.0007229,              0.0007229,              0.0007229
                    132,                0.68471,                0.51599,                0.99336,                 0.8344,                0.92375,                 0.8944,                0.71537,                0.76812,                0.57067,                 1.0972,               0.000713,               0.000713,               0.000713
                    133,                0.64545,                0.47573,                 0.9653,                0.83657,                 0.8958,                0.90036,                0.72078,                 0.7576,                 0.5928,                 1.0871,              0.0007031,              0.0007031,              0.0007031
                    134,                0.65987,                 0.4796,                0.96524,                0.84352,                0.89847,                0.91324,                0.73308,                0.75234,                0.57926,                 1.0853,              0.0006932,              0.0006932,              0.0006932
                    135,                0.66523,                0.49016,                0.97671,                0.86709,                0.88333,                0.90125,                0.71516,                0.76249,                0.57765,                 1.0844,              0.0006833,              0.0006833,              0.0006833
                    136,                0.66191,                0.50811,                0.97586,                0.85016,                0.90833,                0.88881,                0.70837,                0.76703,                0.57557,                 1.0878,              0.0006734,              0.0006734,              0.0006734
                    137,                0.64899,                0.46998,                0.97276,                0.82249,                0.92671,                0.89159,                0.71363,                 0.7713,                0.57749,                 1.0998,              0.0006635,              0.0006635,              0.0006635
                    138,                0.64277,                0.48204,                0.97256,                0.83719,                0.91667,                0.88498,                0.69339,                 0.7806,                0.58443,                 1.1067,              0.0006536,              0.0006536,              0.0006536
                    139,                0.64124,                0.49316,                0.97875,                0.83792,                0.91667,                0.86289,                0.69379,                0.77525,                0.59122,                  1.108,              0.0006437,              0.0006437,              0.0006437
                    140,                0.62597,                0.45848,                0.97044,                0.81338,                0.91667,                0.89284,                0.72079,                0.76608,                0.61689,                 1.0888,              0.0006338,              0.0006338,              0.0006338
                    141,                0.66886,                0.47065,                0.96951,                 0.8229,                    0.9,                0.88692,                0.71351,                0.77225,                0.60607,                 1.1038,              0.0006239,              0.0006239,              0.0006239
                    142,                0.63675,                0.46887,                 0.9813,                0.83791,                    0.9,                0.89031,                0.71395,                0.77945,                0.59977,                 1.1027,               0.000614,               0.000614,               0.000614
                    143,                0.66396,                 0.4737,                0.97689,                0.82903,                0.88333,                0.88432,                0.71543,                0.78284,                0.64494,                 1.0998,              0.0006041,              0.0006041,              0.0006041
                    144,                0.63933,                0.49286,                0.97077,                0.82078,                0.90833,                0.88212,                0.71647,                0.76852,                0.63171,                 1.0959,              0.0005942,              0.0005942,              0.0005942
                    145,                0.65475,                0.45949,                0.97046,                0.85607,                0.89167,                0.88976,                0.72525,                0.74515,                0.58489,                 1.0882,              0.0005843,              0.0005843,              0.0005843
                    146,                 0.6605,                0.46932,                0.96728,                0.82294,                0.93333,                0.88619,                0.69617,                0.77647,                0.57598,                 1.1023,              0.0005744,              0.0005744,              0.0005744
                    147,                0.65286,                0.48337,                0.97268,                0.84783,                0.88333,                0.89129,                 0.7049,                0.79083,                0.59508,                 1.0961,              0.0005645,              0.0005645,              0.0005645
                    148,                0.64233,                0.48285,                0.96384,                0.82046,                0.93333,                0.87397,                0.70573,                 0.7682,                0.57606,                 1.0859,              0.0005546,              0.0005546,              0.0005546
                    149,                0.65431,                0.45745,                0.96312,                0.84549,                0.91201,                0.87524,                0.69519,                0.77349,                0.60184,                 1.0925,              0.0005447,              0.0005447,              0.0005447
                    150,                0.64932,                0.46804,                 0.9617,                0.83008,                0.91667,                0.87802,                0.71411,                0.76797,                0.59584,                 1.0913,              0.0005348,              0.0005348,              0.0005348
                    151,                0.63228,                0.44741,                0.96197,                0.80171,                0.94167,                0.88936,                0.72287,                0.75661,                0.59332,                 1.0782,              0.0005249,              0.0005249,              0.0005249
                    152,                0.63481,                0.45506,                0.94812,                0.83556,                0.90833,                 0.9039,                0.72607,                0.76208,                0.57768,                  1.091,               0.000515,               0.000515,               0.000515
                    153,                0.65067,                0.47674,                0.97225,                0.83495,                0.92747,                0.89988,                0.72625,                0.77091,                0.57446,                  1.094,              0.0005051,              0.0005051,              0.0005051
                    154,                0.64217,                0.46791,                0.95944,                0.83269,                0.91243,                0.88416,                0.71109,                0.77956,                0.58832,                 1.1046,              0.0004952,              0.0004952,              0.0004952
                    155,                0.63285,                0.48591,                0.96353,                0.81997,                0.93333,                0.88809,                0.70631,                0.79475,                0.61319,                  1.109,              0.0004853,              0.0004853,              0.0004853
                    156,                0.63021,                0.44996,                0.96798,                0.81523,                0.90833,                0.88948,                0.70632,                0.77984,                0.60097,                 1.0962,              0.0004754,              0.0004754,              0.0004754
                    157,                0.63582,                0.46659,                 0.9639,                0.84335,                0.88333,                0.89446,                0.71837,                0.76267,                0.58737,                 1.0919,              0.0004655,              0.0004655,              0.0004655
                    158,                0.62124,                 0.4596,                0.95709,                0.81053,                  0.925,                0.88723,                0.71688,                0.76541,                0.60603,                 1.0989,              0.0004556,              0.0004556,              0.0004556
                    159,                0.59454,                0.45145,                0.96496,                 0.8174,                0.94167,                0.89569,                 0.7221,                0.78071,                0.59691,                 1.1105,              0.0004457,              0.0004457,              0.0004457
                    160,                0.62597,                0.43041,                0.95458,                0.81636,                0.91667,                0.89462,                0.71824,                0.80325,                0.58972,                 1.1138,              0.0004358,              0.0004358,              0.0004358
                    161,                0.62387,                0.45352,                0.96686,                0.83414,                  0.922,                0.90407,                0.72552,                0.79395,                 0.5815,                 1.1151,              0.0004259,              0.0004259,              0.0004259
                    162,                0.63094,                0.45059,                0.97373,                0.81962,                0.90876,                0.90085,                0.72675,                0.77368,                0.56399,                 1.0959,               0.000416,               0.000416,               0.000416
                    163,                  0.609,                0.43529,                0.95845,                0.82737,                0.91861,                0.90473,                0.72457,                0.77486,                 0.5739,                 1.1027,              0.0004061,              0.0004061,              0.0004061
                    164,                0.62163,                0.44198,                 0.9568,                0.82491,                0.91667,                 0.8909,                0.72018,                0.77287,                0.58027,                 1.1017,              0.0003962,              0.0003962,              0.0003962
                    165,                0.64104,                 0.4503,                0.97992,                0.81183,                0.93476,                0.88876,                 0.7203,                0.78759,                0.56001,                 1.1143,              0.0003863,              0.0003863,              0.0003863
                    166,                0.61839,                 0.4579,                0.95449,                 0.8459,                0.88333,                0.88718,                0.72383,                0.76506,                0.56933,                 1.0995,              0.0003764,              0.0003764,              0.0003764
                    167,                0.62604,                0.43947,                0.96901,                0.85937,                0.88333,                 0.8884,                0.72258,                0.76657,                  0.582,                 1.1031,              0.0003665,              0.0003665,              0.0003665
                    168,                0.63113,                0.43731,                0.96624,                0.82317,                0.90833,                0.88345,                0.72416,                0.76449,                0.59168,                 1.1055,              0.0003566,              0.0003566,              0.0003566
                    169,                0.61106,                 0.4326,                 0.9532,                0.81485,                0.91688,                0.87666,                0.71607,                0.76173,                0.59269,                 1.1011,              0.0003467,              0.0003467,              0.0003467
                    170,                0.59781,                 0.4205,                0.95063,                 0.8253,                0.91667,                0.88175,                0.71029,                0.78901,                0.59473,                 1.1146,              0.0003368,              0.0003368,              0.0003368
                    171,                0.61478,                0.44333,                0.96466,                0.82484,                0.90833,                0.89206,                0.72555,                0.77892,                0.58038,                 1.1121,              0.0003269,              0.0003269,              0.0003269
                    172,                0.60264,                0.43938,                 0.9517,                0.83011,                0.90833,                0.90958,                 0.7419,                0.78056,                0.57938,                 1.1126,               0.000317,               0.000317,               0.000317
                    173,                 0.5944,                0.42791,                0.95316,                0.83823,                0.90833,                0.89747,                0.72346,                0.78129,                0.57745,                 1.1152,              0.0003071,              0.0003071,              0.0003071
                    174,                0.60972,                0.44409,                0.95738,                0.83828,                0.90712,                0.89231,                0.72683,                0.78214,                 0.5961,                 1.1149,              0.0002972,              0.0002972,              0.0002972
                    175,                0.58298,                0.43415,                0.94645,                0.82699,                  0.925,                0.89053,                0.72382,                0.77963,                0.60685,                 1.1084,              0.0002873,              0.0002873,              0.0002873
                    176,                0.56822,                0.42551,                0.94173,                 0.8318,                0.90662,                0.88484,                0.72054,                0.77301,                0.60379,                 1.1127,              0.0002774,              0.0002774,              0.0002774
                    177,                0.59707,                0.43848,                0.95345,                0.83194,                0.90758,                0.88618,                0.72958,                0.76029,                0.59763,                 1.0994,              0.0002675,              0.0002675,              0.0002675
                    178,                 0.5767,                0.42345,                0.94978,                 0.8248,                0.90833,                0.89104,                0.73454,                0.76071,                0.58969,                 1.1013,              0.0002576,              0.0002576,              0.0002576
                    179,                0.59541,                0.42644,                0.94309,                0.83047,                0.90833,                0.89226,                0.73002,                 0.7733,                 0.5881,                 1.1088,              0.0002477,              0.0002477,              0.0002477
                    180,                0.60306,                 0.4339,                0.94955,                0.81587,                0.93333,                0.89007,                0.72439,                0.78029,                0.59424,                 1.1145,              0.0002378,              0.0002378,              0.0002378
                    181,                0.57754,                0.42235,                0.93592,                0.81055,                0.92699,                0.88431,                0.71994,                0.77724,                0.58589,                 1.1126,              0.0002279,              0.0002279,              0.0002279
                    182,                0.59634,                0.43111,                0.95058,                0.81042,                  0.925,                0.88941,                0.72055,                0.77019,                0.58657,                 1.1079,               0.000218,               0.000218,               0.000218
                    183,                0.58019,                0.41419,                0.95557,                0.80563,                0.93333,                0.89286,                0.72152,                0.77004,                0.58651,                 1.1076,              0.0002081,              0.0002081,              0.0002081
                    184,                 0.6015,                0.43014,                0.95788,                0.81894,                  0.925,                0.88927,                 0.7175,                 0.7659,                0.58455,                 1.1058,              0.0001982,              0.0001982,              0.0001982
                    185,                0.60301,                0.43197,                 0.9554,                0.84363,                0.89916,                0.89024,                 0.7202,                0.77317,                0.58332,                 1.1099,              0.0001883,              0.0001883,              0.0001883
                    186,                0.58655,                0.41894,                0.95072,                0.83482,                    0.9,                 0.8798,                0.71133,                0.76598,                0.60872,                  1.103,              0.0001784,              0.0001784,              0.0001784
                    187,                0.59461,                0.42765,                0.95603,                0.82918,                0.90833,                0.87544,                0.70602,                0.75875,                0.62491,                 1.1042,              0.0001685,              0.0001685,              0.0001685
                    188,                0.59135,                0.41623,                0.95616,                0.83195,                0.90833,                0.87872,                0.71162,                0.76471,                0.63745,                 1.1059,              0.0001586,              0.0001586,              0.0001586
                    189,                0.60106,                0.43324,                0.94822,                0.81969,                0.90923,                0.87758,                0.71135,                0.77599,                0.63543,                 1.1106,              0.0001487,              0.0001487,              0.0001487
                    190,                0.58085,                0.40826,                 0.9505,                0.82042,                0.91371,                0.87495,                0.71369,                0.77903,                0.62792,                 1.1123,              0.0001388,              0.0001388,              0.0001388
                    191,                0.52522,                0.37806,                0.90299,                0.83801,                 0.9053,                0.87586,                0.70189,                0.77869,                0.62974,                 1.1139,              0.0001289,              0.0001289,              0.0001289
                    192,                0.51493,                 0.3559,                0.90952,                0.84301,                    0.9,                0.87652,                0.70155,                0.77278,                0.60397,                 1.1112,               0.000119,               0.000119,               0.000119
                    193,                0.51165,                0.34902,                0.89707,                0.84777,                    0.9,                0.88043,                0.70543,                0.77223,                0.59838,                 1.1115,              0.0001091,              0.0001091,              0.0001091
                    194,                0.51404,                 0.3569,                0.89467,                0.84481,                0.90833,                0.88515,                0.71004,                0.76639,                0.59835,                 1.1098,               9.92e-05,               9.92e-05,               9.92e-05
                    195,                0.52147,                0.35097,                0.89534,                 0.8435,                0.90833,                0.88915,                0.71617,                 0.7685,                0.59207,                 1.1156,               8.93e-05,               8.93e-05,               8.93e-05
                    196,                0.51249,                0.34194,                0.89144,                0.85149,                0.90783,                0.88902,                0.71591,                 0.7609,                0.58901,                 1.1092,               7.94e-05,               7.94e-05,               7.94e-05
                    197,                 0.5382,                0.35878,                0.90272,                0.85144,                0.90744,                0.88692,                0.72228,                0.75544,                 0.5896,                  1.101,               6.95e-05,               6.95e-05,               6.95e-05
                    198,                0.50688,                0.33998,                0.88926,                0.85143,                0.90736,                0.89006,                0.72589,                0.75808,                0.59801,                  1.101,               5.96e-05,               5.96e-05,               5.96e-05
                    199,                0.52327,                0.33658,                0.90188,                0.84416,                0.90282,                0.89041,                0.72357,                0.75513,                0.59675,                 1.0993,               4.97e-05,               4.97e-05,               4.97e-05
                    200,                0.48843,                0.31847,                0.88805,                0.84425,                0.90833,                0.88907,                 0.7237,                0.75464,                 0.5987,                 1.0982,               3.98e-05,               3.98e-05,               3.98e-05
